Name,Objects
G1000_USOMH065N6507,266428
G1000_USOMH066N6686,228206
HUSVM_USOMH062N0195,214732
G1000_USOMH076N7318,217299
G1000_USOMH063N6510,232558
G1000_USOMH064N6580,249451
G800_USOMH070N0004,168395
G800_USOMH079N1605,295351
G1000_USOMH058N6723,211892
G1000_USOMH067N6726,151528
G800_USOMH069N0460,135407
HUSVM_USOMH019N1309,118476
G800_USOMH075N0660,94143
VSP_USOMH021N1212,93371
G800_USOMH078N1555,80878
G1000_USOMH056N6559,69087
G1000_USOMH059N6715,214473
HUSVM_USOMH020N1349,87707
VSP_USOMH018N4095,70772
G800_USOMH068N0459,56544
G800_USOMH080N1523,75061
VSP_USOMH022N4344,44920
G1000_USOMH077N7493,326889
G1000_USOMH050N6206,37213
VSP_USOMH017N3136,33508
G1000_USOMH051N6211,47068
G1000_USOMH086N7528,27480
G1000_USOMH053N6284,10995
HUSVM_USOMH061N0573,3524
